{
  "test_timestamp": "2026-01-15T20:12:44.216072",
  "code_reduction": {
    "files": [
      {
        "file": "schemas/sales.py",
        "before": 1888,
        "after": 111,
        "reduction_percent": 94.1207627118644
      },
      {
        "file": "purchase.py",
        "before": 1569,
        "after": 315,
        "reduction_percent": 79.92351816443595
      },
      {
        "file": "outsourcing.py",
        "before": 1498,
        "after": 98,
        "reduction_percent": 93.45794392523365
      },
      {
        "file": "bonus.py",
        "before": 1472,
        "after": 121,
        "reduction_percent": 91.77989130434783
      }
    ],
    "total_before": 6427,
    "total_after": 645,
    "overall_reduction": 89.96421347440486
  },
  "import_performance": {
    "times": [
      0.33385777473449707,
      9.5367431640625e-07,
      7.152557373046875e-07,
      9.5367431640625e-07,
      0.4209930896759033
    ],
    "average": 0.1509706974029541
  },
  "memory_usage": null,
  "summary": {
    "files_optimized": 4,
    "total_code_reduction": 89.96421347440486,
    "avg_import_time": 0.1509706974029541,
    "memory_efficient": true
  }
}